Old Date,Bullish,Neutral,Bearish,Total,Bullish 8-Week Mov Avg,Bull-Bear Spread,Bullish Average,Bullish Average + St. Dev,Bullish Average - St. Dev,S&P 500 Weekly High,S&P 500 Weekly Low,S&P 500 Weekly Close,,coverted Date,Date
6/30/2018,0.284483,0.307471,0.408046,1,0.368306,-0.123563,0.382715766,0.484453115,0.280978417,2774.86,2698.67,2699.63,,18-Jun,18-Jun
5/31/2018,0.350181,0.386282,0.263538,1.000001,0.341175375,0.086643,0.382715766,0.484453115,0.280978417,2742.24,2676.81,2724.01,,18-May,18-May
4/30/2018,0.369085,0.375394,0.255521,1,0.326363375,0.113564,0.382715766,0.484453115,0.280978417,2717.49,2612.67,2639.4,,18-Apr,18-Apr
3/31/2018,0.319361,0.327345,0.353293,0.999999,0.369870875,-0.033932,0.382715766,0.484453115,0.280978417,2739.14,2585.89,2605,,18-Mar,18-Mar
2/28/2018,0.446512,0.325581,0.227907,1,0.47870375,0.218605,0.382715766,0.484453115,0.280978417,2754.42,2637.08,2701.33,,18-Feb,18-Feb
1/31/2018,0.454545,0.305195,0.24026,1,0.491267,0.214285,0.382715766,0.484453115,0.280978417,2852.97,2778.38,2837.54,,18-Jan,18-Jan
12/31/2017,0.526455,0.267196,0.206349,1,0.413639625,0.320106,0.382715766,0.484453115,0.280978417,2694.44,2676.11,2682.62,,17-Dec,17-Dec
11/30/2017,0.359459,0.324324,0.316216,0.999999,0.385354,0.043243,0.382715766,0.484453115,0.280978417,2634.89,2589.17,2626.07,,17-Nov,17-Nov
10/31/2017,0.396396,0.273273,0.33033,0.999999,0.3712145,0.066066,0.382715766,0.484453115,0.280978417,2578.29,2544,2557.15,,17-Oct,17-Oct
9/30/2017,0.333333,0.37931,0.287356,0.999999,0.331218875,0.045977,0.382715766,0.484453115,0.280978417,2511.75,2488.03,2507.04,,17-Sep,17-Sep
8/31/2017,0.25,0.351064,0.398936,1,0.31904425,-0.148936,0.382715766,0.484453115,0.280978417,2460.31,2428.2,2457.59,,17-Aug,17-Aug
7/31/2017,0.344595,0.412162,0.243243,1,0.32229125,0.101352,0.382768446,0.484583765,0.280953128,2481.69,2463.85,2477.83,,17-Jul,17-Jul
6/30/2017,0.297143,0.434286,0.268571,1,0.30804825,0.028572,0.382748929,0.484665365,0.280832493,2450.42,2419.38,2440.69,,17-Jun,17-Jun
5/31/2017,0.328571,0.371429,0.3,1,0.310680125,0.028571,0.38289472,0.48492304,0.280866399,2405.58,2352.72,2404.39,,17-May,17-May
4/30/2017,0.380488,0.302439,0.317073,1,0.309617875,0.063415,0.382988356,0.485073786,0.280902927,2398.16,2335.05,2387.45,,17-Apr,17-Apr
3/31/2017,0.302181,0.323988,0.373832,1.000001,0.339911,-0.071651,0.382962866,0.485159125,0.280766606,2363.78,2322.25,2361.13,,17-Mar,17-Mar
2/28/2017,0.384615,0.292308,0.323077,1,0.373221125,0.061538,0.383076526,0.485393803,0.280759248,2366.71,2322.17,2362.82,,17-Feb,17-Feb
1/31/2017,0.315789,0.349282,0.334928,0.999999,0.420473,-0.019139,0.383264739,0.485631394,0.280898084,2299.55,2257.02,2298.37,,17-Jan,17-Jan
12/31/2016,0.455696,0.28692,0.257384,1,0.446456875,0.198312,0.383315723,0.485753992,0.280877454,2273.82,2249.11,2249.92,,16-Dec,16-Dec
11/30/2016,0.498938,0.280255,0.220807,1,0.327291125,0.278131,0.383075142,0.485537076,0.280613209,2204.8,2172.2,2204.72,,16-Nov,16-Nov
10/31/2016,0.247549,0.411765,0.340686,1,0.26158925,-0.093137,0.382707075,0.485013706,0.280400445,2154.790039,2130.090088,2139.429932,,16-Oct,16-Oct
9/30/2016,0.24,0.388889,0.371111,1,0.2892405,-0.131111,0.3827056,0.485123007,0.280288194,2179.98999,2139.570068,2171.370117,,16-Sep,16-Sep
8/31/2016,0.294243,0.409382,0.296375,1,0.325834625,-0.002132,0.382669272,0.485195142,0.280143402,2193.42,2168.5,2175.44,,16-Aug,16-Aug
7/31/2016,0.3125,0.403409,0.284091,1,0.298324875,0.028409,0.382696194,0.485340968,0.28005142,2175.629883,2159.070068,2166.580078,,16-Jul,16-Jul
6/30/2016,0.289125,0.376658,0.334218,1.000001,0.2396585,-0.045093,0.382883782,0.485544533,0.280223031,2113.32,1991.68,2070.77,,16-Jun,16-Jun
5/31/2016,0.177515,0.5286,0.293886,1.000001,0.2507995,-0.116371,0.382996043,0.485800502,0.280191583,2094.72998,2025.910034,2090.540039,,16-May,16-May
4/30/2016,0.273663,0.440329,0.286008,1,0.31136125,-0.012345,0.383207799,0.486055705,0.280359894,2111.050049,2077.52002,2095.149902,,16-Apr,16-Apr
3/31/2016,0.271805,0.470588,0.257606,0.999999,0.297858875,0.014199,0.383373709,0.486289785,0.280457632,2072.209961,2022.48999,2063.949951,,16-Mar,16-Mar
2/29/2016,0.311947,0.373894,0.314159,1,0.246110125,-0.002212,0.383588378,0.486544587,0.28063217,1946.7,1871.44,1929.8,,16-Feb,16-Feb
1/31/2016,0.297535,0.302817,0.399648,1,0.243965625,-0.102113,0.383786728,0.486792707,0.280780748,1916.99,1812.29,1882.95,,16-Jan,16-Jan
12/31/2015,0.250729,0.51312,0.236152,1.000001,0.2884,0.014577,0.383924714,0.487050351,0.280799077,2081.56,2005.93,2063.36,,15-Dec,15-Dec
11/30/2015,0.323601,0.416058,0.260341,1,0.353956,0.06326,0.384031301,0.48726385,0.280798751,2097.06,2051.99,2090.11,,15-Nov,15-Nov
10/31/2015,0.403922,0.390196,0.205882,1,0.34362925,0.19804,0.383859086,0.487169947,0.280548225,2090.35,2017.22,2090.35,,15-Oct,15-Oct
9/30/2015,0.321199,0.391863,0.286938,1,0.308136375,0.034261,0.383622365,0.487009652,0.280235077,2020.86,1939.19,1966.97,,15-Sep,15-Sep
8/31/2015,0.325,0.292308,0.382692,1,0.28306725,-0.057692,0.383900772,0.487227793,0.280573751,2103.47,1867.01,1940.51,,15-Aug,15-Aug
7/31/2015,0.211055,0.38191,0.407035,1,0.269971,-0.19598,0.384232798,0.487488234,0.280977362,2132.82,2063.52,2108.57,,15-Jul,15-Jul
6/30/2015,0.355556,0.427778,0.216667,1.000001,0.2679445,0.138889,0.384502385,0.487809338,0.281195433,2129.87,2082.1,2108.58,,15-Jun,15-Jun
5/31/2015,0.270019,0.478585,0.251397,1.000001,0.286362,0.018622,0.384674762,0.488058346,0.281291179,2134.72,2099.18,2123.48,,15-May,15-May
4/30/2015,0.308362,0.472125,0.219512,0.999999,0.319571125,0.08885,0.384907437,0.48829287,0.281522003,2125.92,2091.05,2106.85,,15-Apr,15-Apr
3/31/2015,0.384298,0.371901,0.243802,1.000001,0.381096125,0.140496,0.384907437,0.48829287,0.281522003,2114.86,2061.05,2061.05,,15-Mar,15-Mar
2/28/2015,0.453731,0.343284,0.202985,1,0.420394625,0.250746,0.384907437,0.48829287,0.281522003,2119.59,2085.44,2113.86,,15-Feb,15-Feb
1/31/2015,0.441718,0.334356,0.223926,1,0.443576375,0.217792,0.384907437,0.48829287,0.281522003,2064.62,2001.49,2002.16,,15-Jan,15-Jan
12/31/2014,0.509434,0.301887,0.188679,1,0.4865695,0.320755,0.384907437,0.48829287,0.281522003,2093.55,2018.98,2090.57,,14-Dec,14-Dec
11/30/2014,0.521452,0.270627,0.207921,1,0.491851125,0.313531,0.384907437,0.48829287,0.281522003,2075.76,2040.37,2067.56,,14-Nov,14-Nov
10/31/2014,0.493711,0.295597,0.210692,1,0.426841125,0.283019,0.384907437,0.48829287,0.281522003,1991.4,1909.38,1982.3,,14-Oct,14-Oct
9/30/2014,0.418367,0.29932,0.282313,1,0.422327,0.136054,0.384907437,0.48829287,0.281522003,2019.26,1978.63,1998.3,,14-Sep,14-Sep
8/31/2014,0.519231,0.288462,0.192308,1.000001,0.37435575,0.326923,0.384907437,0.48829287,0.281522003,2005.04,1972.73,2000.12,,14-Aug,14-Aug
7/31/2014,0.311224,0.377551,0.311224,0.999999,0.357931375,0,0.384907437,0.48829287,0.281522003,1991.39,1962.42,1970.07,,14-Jul,14-Jul
6/30/2014,0.372208,0.416873,0.210918,0.999999,0.356190875,0.16129,0.384907437,0.48829287,0.281522003,1968.17,1933.55,1959.53,,14-Jun,14-Jun
5/31/2014,0.364641,0.403315,0.232044,1,0.310417625,0.132597,0.384907437,0.48829287,0.281522003,1914.46,1868.14,1909.78,,14-May,14-May
4/30/2014,0.345029,0.394737,0.260234,1,0.344184625,0.084795,0.384907437,0.48829287,0.281522003,1884.89,1815.8,1875.39,,14-Apr,14-Apr
3/31/2014,0.311615,0.402266,0.286119,1,0.374660375,0.025496,0.384907437,0.48829287,0.281522003,1883.97,1849.69,1852.56,,14-Mar,14-Mar
2/28/2014,0.396907,0.391753,0.21134,1,0.378559375,0.185567,0.384907437,0.48829287,0.281522003,1858.71,1824.58,1845.16,,14-Feb,14-Feb
1/31/2014,0.321839,0.350575,0.327586,1,0.424726625,-0.005747,0.384907437,0.48829287,0.281522003,1850.84,1815.52,1844.86,,14-Jan,14-Jan
12/31/2013,0.550562,0.264045,0.185393,1,0.440994375,0.365169,0.384907437,0.48829287,0.281522003,1833.32,1767.99,1833.32,,13-Dec,13-Dec
11/30/2013,0.473016,0.244444,0.28254,1,0.435186875,0.190476,0.384907437,0.48829287,0.281522003,1808.42,1777.23,1807.23,,13-Nov,13-Nov
10/31/2013,0.449664,0.33557,0.214765,0.999999,0.432868,0.234899,0.384907437,0.48829287,0.281522003,1775.22,1740.5,1763.31,,13-Oct,13-Oct
9/30/2013,0.360544,0.333333,0.306122,0.999999,0.373394375,0.054422,0.384907437,0.48829287,0.281522003,1729.86,1691.7,1692.77,,13-Sep,13-Sep
8/31/2013,0.335404,0.357143,0.307453,1,0.392386125,0.027951,0.384907437,0.48829287,0.281522003,1669.51,1627.47,1634.96,,13-Aug,13-Aug
7/31/2013,0.451178,0.323232,0.225589,0.999999,0.3924465,0.225589,0.384907437,0.48829287,0.281522003,1698.78,1671.84,1685.94,,13-Jul,13-Jul
6/30/2013,0.302752,0.345566,0.351682,1,0.367995125,-0.04893,0.384907437,0.48829287,0.281522003,1654.19,1560.33,1603.26,,13-Jun,13-Jun
5/31/2013,0.359684,0.343874,0.296443,1.000001,0.33707,0.063241,0.384907437,0.48829287,0.281522003,1663.52,1636.42,1648.36,,13-May,13-May
4/30/2013,0.282895,0.328947,0.388158,1,0.329696625,-0.105263,0.384907437,0.48829287,0.281522003,1583,1536.03,1578.79,,13-Apr,13-Apr
3/31/2013,0.383954,0.329513,0.286533,1,0.386266125,0.097421,0.384907437,0.48829287,0.281522003,1564.91,1538.57,1562.85,,13-Mar,13-Mar
2/28/2013,0.283912,0.350158,0.365931,1.000001,0.43246875,-0.082019,0.384907437,0.48829287,0.281522003,1530.94,1485.01,1515.99,,13-Feb,13-Feb
1/31/2013,0.480447,0.276536,0.243017,1,0.454403875,0.23743,0.384907437,0.48829287,0.281522003,1509.94,1481.16,1501.96,,13-Jan,13-Jan
12/31/2012,0.44403,0.253731,0.302239,1,0.400402125,0.141791,0.384907437,0.48829287,0.281522003,1443.7,1416.43,1419.83,,12-Dec,12-Dec
11/30/2012,0.409266,0.247104,0.343629,0.999999,0.335352875,0.065637,0.384907437,0.48829287,0.281522003,1409.15,1359.88,1409.93,,12-Nov,12-Nov
10/31/2012,0.292453,0.27673,0.430818,1.000001,0.331824125,-0.138365,0.384907437,0.48829287,0.281522003,1464.02,1407.1,1408.75,,12-Oct,12-Oct
9/30/2012,0.361011,0.274368,0.364621,1,0.36638775,-0.00361,0.384907437,0.48829287,0.281522003,1467.07,1430.53,1433.32,,12-Sep,12-Sep
8/31/2012,0.347222,0.326389,0.326389,1,0.3262135,0.020833,0.384907437,0.48829287,0.281522003,1426.68,1398.04,1410.49,,12-Aug,12-Aug
7/31/2012,0.28115,0.28754,0.43131,1,0.295269375,-0.15016,0.384907437,0.48829287,0.281522003,1380.39,1329.24,1337.89,,12-Jul,12-Jul
6/30/2012,0.286689,0.269625,0.443686,1,0.288135875,-0.156997,0.384907437,0.48829287,0.281522003,1363.46,1309.27,1331.85,,12-Jun,12-Jun
5/31/2012,0.280156,0.299611,0.420233,1,0.287280375,-0.140077,0.384907437,0.48829287,0.281522003,1334.93,1295.73,1313.32,,12-May,12-May
4/30/2012,0.276423,0.349593,0.373984,1,0.372467,-0.097561,0.384907437,0.48829287,0.281522003,1392.76,1358.79,1390.69,,12-Apr,12-Apr
3/31/2012,0.4247,0.3205,0.2548,1,0.444246,0.1699,0.384907437,0.48829287,0.281522003,1419.15,1386.87,1405.54,,12-Mar,12-Mar
2/29/2012,0.43689,0.28802,0.27508,0.99999,0.469373,0.16181,0.384907437,0.48829287,0.281522003,1367.76,1340.8,1357.66,,12-Feb,12-Feb
1/31/2012,0.483974,0.32692,0.1891,0.999994,0.433403,0.294874,0.384907437,0.48829287,0.281522003,1328.3,1290.22,1326.06,,12-Jan,12-Jan
12/31/2011,0.406,0.2857,0.30827,0.99997,0.38185625,0.09773,0.384907437,0.48829287,0.281522003,1269.37,1202.37,1249.64,,11-Dec,11-Dec
11/30/2011,0.3271,0.2901,0.3827,0.9999,0.3919125,-0.0556,0.384907437,0.48829287,0.281522003,1259.61,1158.66,1158.67,,11-Nov,11-Nov
10/31/2011,0.43,0.32,0.25,1,0.340675,0.18,0.384907437,0.48829287,0.281522003,1256.55,1191.48,1242,,11-Oct,11-Oct
9/30/2011,0.3251,0.2068,0.4679,0.9998,0.3282625,-0.1428,0.384907437,0.48829287,0.281522003,1220.39,1114.22,1151.06,,11-Sep,11-Sep
8/31/2011,0.3644,0.226,0.4096,1,0.3642125,-0.0452,0.384907437,0.48829287,0.281522003,1190.68,1121.09,1159.27,,11-Aug,11-Aug
7/31/2011,0.3784,0.3074,0.3142,1,0.3599625,0.0642,0.384907437,0.48829287,0.281522003,1347,1303.49,1304.89,,11-Jul,11-Jul
6/30/2011,0.3831,0.3149,0.3019,0.9999,0.30305,0.0812,0.384907437,0.48829287,0.281522003,1309.21,1296.85,1307.41,,11-Jun,11-Jun
5/31/2011,0.2561,0.3297,0.4142,1,0.3430375,-0.1581,0.384907437,0.48829287,0.281522003,1346.82,1336.36,1343.6,,11-May,11-May
4/30/2011,0.379,0.3145,0.3065,1,0.3748875,0.0725,0.384907437,0.48829287,0.281522003,1349.55,1336.75,1347.24,,11-Apr,11-Apr
3/31/2011,0.4181,0.2712,0.3107,1,0.3917625,0.1074,0.384907437,0.48829287,0.281522003,1331.74,1321.89,1328.26,,11-Mar,11-Mar
2/28/2011,0.3663,0.2723,0.3614,1,0.48145,0.0049,0.384907437,0.48829287,0.281522003,1344.07,1338.12,1343.01,,11-Feb,11-Feb
1/31/2011,0.4204,0.2367,0.3429,1,0.523975,0.0775,0.384907437,0.48829287,0.281522003,1299.74,1291.97,1296.63,,11-Jan,11-Jan
12/31/2010,0.5161,0.2834,0.2005,1,0.5159875,0.3156,0.384907437,0.48829287,0.281522003,1262.6,1258.78,1259.78,,10-Dec,10-Dec
11/30/2010,0.474,0.2792,0.2468,1,0.4877125,0.2272,0.384907437,0.48829287,0.281522003,1200.29,1198.35,1199.73,,10-Nov,10-Nov
10/31/2010,0.5123,0.2716,0.216,0.9999,0.47405,0.2963,0.384907437,0.48829287,0.281522003,1189.53,1184.47,1182.45,,10-Oct,10-Oct
9/30/2010,0.4253,0.2586,0.3161,1,0.3795875,0.1092,0.384907437,0.48829287,0.281522003,1157.16,1145.97,1144.73,,10-Sep,10-Sep
8/31/2010,0.2074,0.2979,0.4947,1,0.3168375,-0.2873,0.384907437,0.48829287,0.281522003,1060.25,1055.38,1055.33,,10-Aug,10-Aug
7/31/2010,0.4,0.2667,0.3333,1,0.335675,0.0667,0.384907437,0.48829287,0.281522003,1115.9,1109.63,1106.13,,10-Jul,10-Jul
6/30/2010,0.3446,0.3311,0.3243,1,0.369175,0.0203,0.384907437,0.48829287,0.281522003,1090.93,1079.17,1092.04,,10-Jun,10-Jun
5/31/2010,0.2983,0.193,0.5088,1.0001,0.3971,-0.2105,0.384907437,0.48829287,0.281522003,1089.6,1074.27,1067.95,,10-May,10-May
4/30/2010,0.4136,0.3,0.2864,1,0.4064625,0.1272,0.384907437,0.48829287,0.281522003,1202.59,1193.3,1191.36,,10-Apr,10-Apr
3/31/2010,0.3239,0.3295,0.3466,1,0.3570375,-0.0227,0.384907437,0.48829287,0.281522003,1176.71,1170.03,1167.72,,10-Mar,10-Mar
2/28/2010,0.3489,0.3557,0.2953,0.9999,0.3752,0.0536,0.384907437,0.48829287,0.281522003,1106.42,1106.42,1094.6,,10-Feb,10-Feb
1/31/2010,0.35,0.2833,0.3667,1,0.4188625,-0.0167,0.384907437,0.48829287,0.281522003,1100.22,1092.63,1097.5,,10-Jan,10-Jan
12/31/2009,0.4918,0.2787,0.2295,1,0.420275,0.2623,0.384907437,0.48829287,0.281522003,1129.43,1116.56,1115.1,,9-Dec,9-Dec
11/30/2009,0.4166,0.1666,0.4166,0.9998,0.3771625,0,0.384907437,0.48829287,0.281522003,1105.47,1083.74,1110.63,,9-Nov,9-Nov
10/31/2009,0.3365,0.2404,0.4231,1,0.3982875,-0.0866,0.384907437,0.48829287,0.281522003,1056.01,1043.69,1042.63,,9-Oct,9-Oct
9/30/2009,0.3909,0.1636,0.4455,1,0.406975,-0.0546,0.384907437,0.48829287,0.281522003,1066.29,1051.04,1060.87,,9-Sep,9-Sep
8/31/2009,0.3398,0.1748,0.4854,1,0.3886375,-0.1456,0.384907437,0.48829287,0.281522003,1027.81,1016.83,1028.12,,9-Aug,9-Aug
7/31/2009,0.4767,0.2093,0.314,1,0.35035,0.1627,0.384907437,0.48829287,0.281522003,994.95,976.01,975.15,,9-Jul,9-Jul
6/30/2009,0.28,0.232,0.488,1,0.3876625,-0.208,0.384907437,0.48829287,0.281522003,908.84,896.27,900.94,,9-Jun,9-Jun
5/31/2009,0.4037,0.1101,0.4862,1,0.3871875,-0.0825,0.384907437,0.48829287,0.281522003,903.06,887.6,893.06,,9-May,9-May
4/30/2009,0.3609,0.203,0.4361,1,0.3778125,-0.0752,0.384907437,0.48829287,0.281522003,887.47,876.59,873.64,,9-Apr,9-Apr
3/31/2009,0.3913,0.1848,0.4239,1,0.2927875,-0.0326,0.384907437,0.48829287,0.281522003,826.76,814.06,813.88,,9-Mar,9-Mar
2/28/2009,0.243,0.2056,0.5514,1,0.2903625,-0.3084,0.384907437,0.48829287,0.281522003,779.42,765.76,764.9,,9-Feb,9-Feb
1/31/2009,0.2527,0.2747,0.4725,0.9999,0.3237375,-0.2198,0.384907437,0.48829287,0.281522003,868.89,854.37,874.09,,9-Jan,9-Jan
12/31/2008,0.2895,0.2719,0.4386,1,0.3395375,-0.1491,0.384907437,0.48829287,0.281522003,873.7,868.5,872.8,,8-Dec,8-Dec
11/30/2008,0.3125,0.2386,0.4489,1,0.3588375,-0.1364,0.384907437,0.48829287,0.281522003,896.25,881.21,887.68,,8-Nov,8-Nov
10/31/2008,0.3714,0.2229,0.4057,1,0.340175,-0.0343,0.384907437,0.48829287,0.281522003,963.23,939.38,930.09,,8-Oct,8-Oct
9/30/2008,0.3404,0.2021,0.4574,0.9999,0.3435125,-0.117,0.384907437,0.48829287,0.281522003,1212.77,1187.87,1185.87,,8-Sep,8-Sep
8/31/2008,0.3068,0.2386,0.4545,0.9999,0.3378,-0.1477,0.384907437,0.48829287,0.281522003,1291.7,1283.79,1281.66,,8-Aug,8-Aug
7/31/2008,0.4,0.1882,0.4118,1,0.303,-0.0118,0.384907437,0.48829287,0.281522003,1281.59,1273.5,1284.26,,8-Jul,8-Jul
6/30/2008,0.3125,0.1648,0.5227,1,0.3932375,-0.2102,0.384907437,0.48829287,0.281522003,1316.29,1306.14,1321.97,,8-Jun,8-Jun
5/31/2008,0.3136,0.2288,0.4576,1,0.43965,-0.144,0.384907437,0.48829287,0.281522003,1393.49,1388.59,1390.84,,8-May,8-May
4/30/2008,0.4667,0.2583,0.275,1,0.3358875,0.1917,0.384907437,0.48829287,0.281522003,1387.87,1372.24,1379.93,,8-Apr,8-Apr
3/31/2008,0.416,0.248,0.336,1,0.305175,0.08,0.384907437,0.48829287,0.281522003,1352.45,1336.41,1341.13,,8-Mar,8-Mar
2/29/2008,0.3431,0.2044,0.4526,1.0001,0.2926,-0.1095,0.384907437,0.48829287,0.281522003,1388.34,1372,1380.02,,8-Feb,8-Feb
1/31/2008,0.3008,0.2105,0.4887,1,0.2979125,-0.1879,0.384907437,0.48829287,0.281522003,1385.86,1352.95,1355.81,,8-Jan,8-Jan
12/31/2007,0.3,0.2,0.5,1,0.3468375,-0.2,0.384907437,0.48829287,0.281522003,1497.63,1484.55,1496.45,,7-Dec,7-Dec
11/30/2007,0.2857,0.1531,0.5612,1,0.3698875,-0.2755,0.384907437,0.48829287,0.281522003,1471.44,1427.78,1469.02,,7-Nov,7-Nov
10/31/2007,0.3125,0.2054,0.4821,1,0.4333125,-0.1696,0.384907437,0.48829287,0.281522003,1519.57,1489.74,1515.88,,7-Oct,7-Oct
9/30/2007,0.4937,0.1646,0.3418,1.0001,0.4206875,0.1519,0.384907437,0.48829287,0.281522003,1529.17,1516.96,1525.42,,7-Sep,7-Sep
8/31/2007,0.403,0.1343,0.4627,1,0.431325,-0.0597,0.384907437,0.48829287,0.281522003,1463.76,1432.01,1463.76,,7-Aug,7-Aug
7/31/2007,0.4421,0.1895,0.3684,1,0.4169125,0.0737,0.384907437,0.48829287,0.281522003,1524.31,1504.87,1517.91,,7-Jul,7-Jul
6/30/2007,0.3902,0.252,0.3577,0.9999,0.39,0.0325,0.384907437,0.48829287,0.281522003,1515.7,1492.65,1515.67,,7-Jun,7-Jun
5/31/2007,0.3333,0.2188,0.4479,1,0.3844125,-0.1146,0.384907437,0.48829287,0.281522003,1530.23,1510.06,1530.23,,7-May,7-May
4/30/2007,0.3924,0.2278,0.3797,0.9999,0.3933,0.0127,0.384907437,0.48829287,0.281522003,1496.59,1480.28,1495.42,,7-Apr,7-Apr
3/31/2007,0.4268,0.3171,0.2561,1,0.4244375,0.1707,0.384907437,0.48829287,0.281522003,1426.24,1413.27,1422.53,,7-Mar,7-Mar
2/28/2007,0.5385,0.2385,0.2231,1.0001,0.48095,0.3154,0.384907437,0.48829287,0.281522003,1461.57,1457.29,1459.85,,7-Feb,7-Feb
1/31/2007,0.3951,0.2716,0.3333,1,0.445275,0.0618,0.384907437,0.48829287,0.281522003,1440.69,1434.56,1436.31,,7-Jan,7-Jan
12/31/2006,0.46,0.18,0.36,1,0.4308375,0.1,0.384907437,0.48829287,0.281522003,1427.26,1422.05,1424.73,,6-Dec,6-Dec
11/30/2006,0.4022,0.1229,0.4749,1,0.473025,-0.0727,0.384907437,0.48829287,0.281522003,1402.67,1394.85,1395.97,,6-Nov,6-Nov
10/31/2006,0.5217,0.1739,0.3043,0.9999,0.478925,0.2174,0.384907437,0.48829287,0.281522003,1386.53,1379.47,1385.15,,6-Oct,6-Oct
9/30/2006,0.5132,0.1579,0.3289,1,0.4225625,0.1843,0.384907437,0.48829287,0.281522003,1339.73,1334.75,1336.87,,6-Sep,6-Sep
8/31/2006,0.4157,0.3258,0.2584,0.9999,0.3434125,0.1573,0.384907437,0.48829287,0.281522003,1305.5,1302.45,1302.93,,6-Aug,6-Aug
7/31/2006,0.3488,0.2209,0.4302,0.9999,0.3232125,-0.0814,0.384907437,0.48829287,0.281522003,1273.89,1240.25,1268.4,,6-Jul,6-Jul
6/30/2006,0.386,0.2164,0.3977,1.0001,0.354675,-0.0117,0.384907437,0.48829287,0.281522003,1257.29,1245.94,1255.88,,6-Jun,6-Jun
5/31/2006,0.3304,0.2143,0.4554,1.0001,0.4276125,-0.125,0.384907437,0.48829287,0.281522003,1264.53,1245.34,1258.57,,6-May,6-May
4/30/2006,0.4211,0.2193,0.3596,1,0.4219875,0.0615,0.384907437,0.48829287,0.281522003,1316.04,1295.57,1310.61,,6-Apr,6-Apr
3/31/2006,0.3721,0.3023,0.3256,1,0.41655,0.0465,0.384907437,0.48829287,0.281522003,1306.24,1291.84,1302.89,,6-Mar,6-Mar
2/28/2006,0.4321,0.284,0.284,1.0001,0.4217,0.1481,0.384907437,0.48829287,0.281522003,1294.17,1281.33,1292.67,,6-Feb,6-Feb
1/31/2006,0.3077,0.359,0.3333,1,0.4287875,-0.0256,0.384907437,0.48829287,0.281522003,1286.38,1259.42,1283.72,,6-Jan,6-Jan
12/31/2005,0.373,0.2619,0.3651,1,0.495,0.0079,0.384907437,0.48829287,0.281522003,1271.83,1256.54,1258.17,,5-Dec,5-Dec
11/30/2005,0.5733,0.2667,0.16,1,0.4708125,0.4133,0.384907437,0.48829287,0.281522003,1270.64,1259.51,1265.61,,5-Nov,5-Nov
10/31/2005,0.3205,0.2179,0.4615,0.9999,0.4115125,-0.141,0.384907437,0.48829287,0.281522003,1204.01,1179.59,1191.38,,5-Oct,5-Oct
9/30/2005,0.3188,0.2899,0.3913,1,0.377525,-0.0725,0.384907437,0.48829287,0.281522003,1222.56,1211.11,1216.89,,5-Sep,5-Sep
8/31/2005,0.3614,0.3253,0.3133,1,0.440751,0.0481,0.384907437,0.48829287,0.281522003,1228.96,1214.44,1217.59,,5-Aug,5-Aug
7/31/2005,0.5752,0.2484,0.1765,1.0001,0.4826385,0.3987,0.384907437,0.48829287,0.281522003,1238.36,1228.15,1236.79,,5-Jul,5-Jul
6/30/2005,0.4589,0.2466,0.2945,1,0.435875,0.1644,0.384907437,0.48829287,0.281522003,1204.07,1188.3,1199.85,,5-Jun,5-Jun
5/31/2005,0.4414,0.3243,0.2342,0.9999,0.3162,0.2072,0.384907437,0.48829287,0.281522003,1197.44,1185.96,1190.01,,5-May,5-May
4/30/2005,0.2975,0.3554,0.3471,1,0.30575,-0.0496,0.384907437,0.48829287,0.281522003,1164.8,1144.42,1156.38,,5-Apr,5-Apr
3/31/2005,0.2843,0.2059,0.5098,1,0.3565375,-0.2255,0.384907437,0.48829287,0.281522003,1181.54,1163.69,1181.41,,5-Mar,5-Mar
2/28/2005,0.3182,0.3636,0.3182,1,0.357225,0,0.384907437,0.48829287,0.281522003,1202.48,1184.16,1190.8,,5-Feb,5-Feb
1/31/2005,0.2643,0.3714,0.3643,1,0.4424375,-0.1,0.384907437,0.48829287,0.281522003,1175.96,1163.75,1174.07,,5-Jan,5-Jan
12/31/2004,0.5766,0.2482,0.1752,1,0.5682625,0.4014,0.384907437,0.48829287,0.281522003,1214.13,1204.92,1213.45,,4-Dec,4-Dec
11/30/2004,0.4948,0.2371,0.268,0.9999,0.5245625,0.2268,0.384907437,0.48829287,0.281522003,1182.46,1176.94,1181.76,,4-Nov,4-Nov
10/31/2004,0.4231,0.2596,0.3173,1,0.4683125,0.1058,0.384907437,0.48829287,0.281522003,1126.29,1090.29,1125.4,,4-Oct,4-Oct
9/30/2004,0.4107,0.1964,0.3929,1,0.4308875,0.0178,0.384907437,0.48829287,0.281522003,1114.8,1101.29,1114.8,,4-Sep,4-Sep
8/31/2004,0.4153,0.3305,0.2542,1,0.3976875,0.1611,0.384907437,0.48829287,0.281522003,1106.29,1092.82,1104.96,,4-Aug,4-Aug
7/31/2004,0.34,0.3,0.36,1,0.4777875,-0.02,0.384907437,0.48829287,0.281522003,1098.84,1078.78,1095.42,,4-Jul,4-Jul
6/30/2004,0.5641,0.2051,0.2308,1,0.413825,0.3333,0.384907437,0.48829287,0.281522003,1145.15,1124.37,1144.06,,4-Jun,4-Jun
5/31/2004,0.3611,0.2361,0.4028,1,0.458975,-0.0417,0.384907437,0.48829287,0.281522003,1116.71,1090.74,1114.94,,4-May,4-May
4/30/2004,0.5,0.2879,0.2121,1,0.4863375,0.2879,0.384907437,0.48829287,0.281522003,1146.56,1121.7,1122.41,,4-Apr,4-Apr
3/31/2004,0.3148,0.2593,0.4259,1,0.4553,-0.1111,0.384907437,0.48829287,0.281522003,1109.78,1087.16,1091.33,,4-Mar,4-Mar
2/29/2004,0.4158,0.2789,0.3053,1,0.5811,0.1105,0.384907437,0.48829287,0.281522003,1146.69,1134.43,1143.67,,4-Feb,4-Feb
1/31/2004,0.5688,0.2813,0.15,1.0001,0.6290375,0.4188,0.384907437,0.48829287,0.281522003,1155.38,1126.5,1128.48,,4-Jan,4-Jan
12/31/2003,0.6552,0.1724,0.1724,1,0.5935875,0.4828,0.384907437,0.48829287,0.281522003,1098.47,1086.14,1095.89,,3-Dec,3-Dec
11/30/2003,0.6038,0.1887,0.2075,1,0.5662875,0.3963,0.384907437,0.48829287,0.281522003,1060.63,1035.28,1058.2,,3-Nov,3-Nov
10/31/2003,0.5781,0.2344,0.1875,1,0.57085,0.3906,0.384907437,0.48829287,0.281522003,1049.83,1028.91,1048.11,,3-Oct,3-Oct
9/30/2003,0.5728,0.2039,0.2233,1,0.570175,0.3495,0.384907437,0.48829287,0.281522003,1036.3,996.08,996.85,,3-Sep,3-Sep
8/31/2003,0.567,0.2062,0.2268,1,0.5171375,0.3402,0.384907437,0.48829287,0.281522003,1008.85,983.57,1008.01,,3-Aug,3-Aug
7/31/2003,0.5154,0.3231,0.1615,1,0.521325,0.3539,0.384907437,0.48829287,0.281522003,1004.59,978.86,980.15,,3-Jul,3-Jul
6/30/2003,0.7143,0.2,0.0857,1,0.5584375,0.6286,0.384907437,0.48829287,0.281522003,995.69,973.8,976.22,,3-Jun,3-Jun
5/31/2003,0.6286,0.2286,0.1429,1.0001,0.51655,0.4857,0.384907437,0.48829287,0.281522003,965.38,927.33,963.59,,3-May,3-May
4/30/2003,0.63,0.18,0.19,1,0.4125125,0.44,0.384907437,0.48829287,0.281522003,919.74,886.7,919.02,,3-Apr,3-Apr
3/31/2003,0.3942,0.2788,0.3269,0.9999,0.3021625,0.0673,0.384907437,0.48829287,0.281522003,895.79,862.02,869.95,,3-Mar,3-Mar
2/28/2003,0.2602,0.2683,0.4715,1,0.2620375,-0.2113,0.384907437,0.48829287,0.281522003,848.17,818.54,827.55,,3-Feb,3-Feb
1/31/2003,0.2553,0.266,0.4787,1,0.3430875,-0.2234,0.384907437,0.48829287,0.281522003,868.72,844.25,864.36,,3-Jan,3-Jan
12/31/2002,0.4,0.28,0.32,1,0.4718125,0.08,0.384907437,0.48829287,0.281522003,902.43,892.26,897.38,,2-Dec,2-Dec
11/30/2002,0.5106,0.1702,0.3191,0.9999,0.4558,0.1915,0.384907437,0.48829287,0.281522003,941.82,912.1,936.31,,2-Nov,2-Nov
10/31/2002,0.5147,0.2059,0.2794,1,0.3702875,0.2353,0.384907437,0.48829287,0.281522003,907.44,867.91,890.71,,2-Oct,2-Oct
9/30/2002,0.2451,0.2843,0.4706,1,0.3718875,-0.2255,0.384907437,0.48829287,0.281522003,845.39,817.38,839.66,,2-Sep,2-Sep
8/31/2002,0.5,0.2097,0.2903,1,0.366,0.2097,0.384907437,0.48829287,0.281522003,955.82,913.21,917.87,,2-Aug,2-Aug
7/31/2002,0.2791,0.2326,0.4884,1.0001,0.321325,-0.2093,0.384907437,0.48829287,0.281522003,854.13,775.68,843.43,,2-Jul,2-Jul
6/30/2002,0.3097,0.2301,0.4602,1,0.3284875,-0.1505,0.384907437,0.48829287,0.281522003,1005.88,952.92,973.53,,2-Jun,2-Jun
5/31/2002,0.2826,0.3152,0.4022,1,0.3170125,-0.1196,0.384907437,0.48829287,0.281522003,1085.98,1067.66,1067.66,,2-May,2-May
4/30/2002,0.3667,0.4,0.2333,1,0.4496625,0.1334,0.384907437,0.48829287,0.281522003,1125.17,1092.51,1093.14,,2-Apr,2-Apr
3/31/2002,0.5116,0.2558,0.2326,1,0.4720375,0.279,0.384907437,0.48829287,0.281522003,1151.04,1131.61,1144.58,,2-Mar,2-Mar
2/28/2002,0.4444,0.3519,0.2037,1,0.409925,0.2407,0.384907437,0.48829287,0.281522003,1131.79,1089.84,1131.78,,2-Feb,2-Feb
1/31/2002,0.4545,0.3182,0.2273,1,0.483925,0.2272,0.384907437,0.48829287,0.281522003,1138.63,1081.66,1122.2,,2-Jan,2-Jan
12/31/2001,0.5769,0.1538,0.2692,0.9999,0.548075,0.3077,0.384907437,0.48829287,0.281522003,1164.64,1144.62,1161.02,,1-Dec,1-Dec
11/30/2001,0.6933,0.1067,0.2,1,0.508175,0.4933,0.384907437,0.48829287,0.281522003,1163.38,1125.51,1139.45,,1-Nov,1-Nov
10/31/2001,0.5588,0.2647,0.1765,1,0.4427875,0.3823,0.384907437,0.48829287,0.281522003,1110.61,1065.64,1104.61,,1-Oct,1-Oct
9/30/2001,0.5111,0.2667,0.2222,1,0.3443375,0.2889,0.384907437,0.48829287,0.281522003,1040.94,965.8,1040.94,,1-Sep,1-Sep
8/31/2001,0.3143,0.4571,0.2286,1,0.346775,0.0857,0.384907437,0.48829287,0.281522003,1186.85,1124.87,1133.58,,1-Aug,1-Aug
7/31/2001,0.2952,0.3238,0.381,1,0.352875,-0.0858,0.384907437,0.48829287,0.281522003,1215.22,1165.54,1205.82,,1-Jul,1-Jul
6/30/2001,0.3038,0.3671,0.3291,1,0.4413875,-0.0253,0.384907437,0.48829287,0.281522003,1237.29,1204.64,1224.38,,1-Jun,1-Jun
5/31/2001,0.4935,0.2208,0.2857,1,0.5005625,0.2078,0.384907437,0.48829287,0.281522003,1278.42,1245.96,1260.67,,1-May,1-May
4/30/2001,0.4655,0.2241,0.3103,0.9999,0.3541375,0.1552,0.384907437,0.48829287,0.281522003,1253.07,1207.38,1253.05,,1-Apr,1-Apr
3/31/2001,0.3725,0.3529,0.2745,0.9999,0.3572875,0.098,0.384907437,0.48829287,0.281522003,1183.35,1136.26,1160.33,,1-Mar,1-Mar
2/28/2001,0.2632,0.3509,0.386,1.0001,0.4080375,-0.1228,0.384907437,0.48829287,0.281522003,1336.62,1293.18,1301.53,,1-Feb,1-Feb
1/31/2001,0.4923,0.2462,0.2615,1,0.4273875,0.2308,0.384907437,0.48829287,0.281522003,1354.55,1313.33,1342.54,,1-Jan,1-Jan
12/31/2000,0.4,0.28,0.32,1,0.4792625,0.08,0.384907437,0.48829287,0.281522003,1346.44,1254.07,1305.95,,Dec-00,1-Dec
11/30/2000,0.6042,0.2292,0.1667,1.0001,0.5146,0.4375,0.384907437,0.48829287,0.281522003,1367.72,1321.89,1341.77,,Nov-00,1-Nov
10/31/2000,0.641,0.1795,0.1795,1,0.4964375,0.4615,0.384907437,0.48829287,0.281522003,1408.47,1305.79,1396.93,,Oct-00,1-Oct
9/30/2000,0.5333,0.4,0.0667,1,0.5347625,0.4666,0.384907437,0.48829287,0.281522003,1467.77,1421.88,1448.72,,Sep-00,1-Sep
8/31/2000,0.5588,0.2647,0.1765,1,0.5536,0.3823,0.384907437,0.48829287,0.281522003,1513.47,1489.52,1506.45,,Aug-00,1-Aug
7/31/2000,0.4286,0.3714,0.2,1,0.505325,0.2286,0.384907437,0.48829287,0.281522003,1517.32,1477.91,1480.19,,Jul-00,1-Jul
6/30/2000,0.2667,0.3333,0.4,1,0.3860625,-0.1333,0.384907437,0.48829287,0.281522003,1488.93,1438.31,1441.48,,Jun-00,1-Jun
5/31/2000,0.3492,0.2857,0.3651,1,0.4474,-0.0159,0.384907437,0.48829287,0.281522003,1411.65,1361.09,1378.02,,May-00,1-May
4/30/2000,0.6129,0.2419,0.1452,1,0.5445375,0.4677,0.384907437,0.48829287,0.281522003,1482.94,1407.13,1452.43,,Apr-00,1-Apr
3/31/2000,0.3889,0.1111,0.5,1,0.4501375,-0.1111,0.384907437,0.48829287,0.281522003,1534.63,1474.63,1498.58,,Mar-00,1-Mar
2/29/2000,0.4138,0.2759,0.3103,1,0.5084,0.1035,0.384907437,0.48829287,0.281522003,1370.11,1329.15,1333.36,,Feb-00,1-Feb
1/31/2000,0.537,0.2593,0.2037,1,0.591375,0.3333,0.384907437,0.48829287,0.281522003,1454.09,1356.2,1360.16,,Jan-00,1-Jan
12/31/1999,0.6,0.25,0.15,1,0.54875,0.45,0.384907437,0.48829287,0.281522003,1473.1,1450.83,1469.25,,Dec-99,1-Dec
11/30/1999,0.55,0.28,0.17,1,0.43,0.38,0.384907437,0.48829287,0.281522003,1425.25,1399.18,1416.62,,Nov-99,1-Nov
10/31/1999,0.38,0.38,0.24,1,0.37,0.14,0.384907437,0.48829287,0.281522003,1373.17,1280.48,1362.93,,Oct-99,1-Oct
9/30/1999,0.35,0.42,0.23,1,0.355,0.12,0.384907437,0.48829287,0.281522003,1295.03,1256.26,1282.81,,Sep-99,1-Sep
8/31/1999,0.35,0.4,0.25,1,0.4,0.1,0.384907437,0.48829287,0.281522003,1382.84,1336.61,1348.27,,Aug-99,1-Aug
7/31/1999,0.42,0.38,0.2,1,0.41125,0.22,0.384907437,0.48829287,0.281522003,1370.39,1328.49,1328.72,,Jul-99,1-Jul
6/30/1999,0.3,0.39,0.31,1,0.3875,-0.01,0.384907437,0.48829287,0.281522003,1351.12,1308.47,1315.31,,Jun-99,1-Jun
5/31/1999,0.38,0.42,0.2,1,0.4175,0.18,0.384907437,0.48829287,0.281522003,1333.02,1277.31,1301.84,,May-99,1-May
4/30/1999,0.41,0.32,0.27,1,0.39875,0.14,0.384907437,0.48829287,0.281522003,1371.56,1314.58,1335.18,,Apr-99,1-Apr
3/31/1999,0.38,0.33,0.29,1,0.41125,0.09,0.384907437,0.48829287,0.281522003,1303.84,1256.43,1282.8,,Mar-99,1-Mar
2/28/1999,0.37,0.39,0.24,1,0.4525,0.13,0.384907437,0.48829287,0.281522003,1283.84,1225.01,1238.33,,Feb-99,1-Feb
1/31/1999,0.47,0.33,0.2,1,0.44,0.27,0.384907437,0.48829287,0.281522003,1280.37,1219.4,1279.64,,Jan-99,1-Jan
12/31/1998,0.41,0.37,0.22,1,0.43375,0.19,0.384907437,0.48829287,0.281522003,1244.93,1200.78,1229.23,,Dec-98,1-Dec
11/30/1998,0.48,0.35,0.17,1,0.37625,0.31,0.384907437,0.48829287,0.281522003,1192.97,1163.55,1192.33,,Nov-98,1-Nov
10/31/1998,0.43,0.36,0.21,1,0.3175,0.22,0.384907437,0.48829287,0.281522003,1103.78,1059.66,1098.67,,Oct-98,1-Oct
9/30/1998,0.34,0.38,0.28,1,0.28125,0.06,0.384907437,0.48829287,0.281522003,1066.11,993.82,1044.75,,Sep-98,1-Sep
8/31/1998,0.23,0.32,0.45,1,0.32125,-0.22,0.384907437,0.48829287,0.281522003,1106.64,1021.04,1027.04,,Aug-98,1-Aug
7/31/1998,0.44,0.36,0.2,1,0.33625,0.24,0.384907437,0.48829287,0.281522003,1147.27,1114.3,1120.67,,Jul-98,1-Jul
6/30/1998,0.28,0.44,0.28,1,0.32125,0,0.384907437,0.48829287,0.281522003,1142.04,1099.42,1133.2,,Jun-98,1-Jun
5/31/1998,0.34,0.4,0.26,1,0.4075,0.08,0.384907437,0.48829287,0.281522003,1116.79,1074.39,1090.82,,May-98,1-May
4/30/1998,0.44,0.31,0.25,1,0.44125,0.19,0.384907437,0.48829287,0.281522003,1121.02,1076.7,1121,,Apr-98,1-Apr
3/31/1998,0.45,0.35,0.2,1,0.44,0.25,0.384907437,0.48829287,0.281522003,1113.07,1090.02,1093.55,,Mar-98,1-Mar
2/28/1998,0.53,0.33,0.14,1,0.39875,0.39,0.384907437,0.48829287,0.281522003,1051.66,1028.89,1049.34,,Feb-98,1-Feb
1/31/1998,0.38,0.42,0.2,1,0.3875,0.18,0.384907437,0.48829287,0.281522003,992.65,954.24,980.28,,Jan-98,1-Jan
12/31/1997,0.34,0.35,0.31,1,0.41875,0.03,0.384907437,0.48829287,0.281522003,975.02,936.46,975.04,,Dec-97,1-Dec
11/30/1997,0.4,0.4,0.2,1,0.4125,0.2,0.384907437,0.48829287,0.281522003,963.09,944.71,955.4,,Nov-97,1-Nov
10/31/1997,0.41,0.36,0.23,1,0.4075,0.18,0.384907437,0.48829287,0.281522003,941.64,855.27,914.62,,Oct-97,1-Oct
9/30/1997,0.39,0.42,0.19,1,0.44125,0.2,0.384907437,0.48829287,0.281522003,960.59,937.38,945.22,,Sep-97,1-Sep
8/31/1997,0.5,0.28,0.22,1,0.49875,0.28,0.384907437,0.48829287,0.281522003,920.16,899.47,899.47,,Aug-97,1-Aug
7/31/1997,0.48,0.26,0.26,1,0.51125,0.22,0.384907437,0.48829287,0.281522003,955.35,932.56,947.14,,Jul-97,1-Jul
6/30/1997,0.52,0.25,0.23,1,0.45375,0.29,0.384907437,0.48829287,0.281522003,902.09,878.43,887.3,,Jun-97,1-Jun
5/31/1997,0.4,0.4,0.2,1,0.32875,0.2,0.384907437,0.48829287,0.281522003,851.87,831.87,848.28,,May-97,1-May
4/30/1997,0.28,0.4,0.32,1,0.3175,-0.04,0.384907437,0.48829287,0.281522003,779.89,756.38,765.37,,Apr-97,1-Apr
3/31/1997,0.27,0.4,0.33,1,0.42375,-0.06,0.384907437,0.48829287,0.281522003,790.89,773.88,773.88,,Mar-97,1-Mar
2/28/1997,0.63,0.22,0.15,1,0.45625,0.48,0.384907437,0.48829287,0.281522003,812.85,788.5,790.82,,Feb-97,1-Feb
1/31/1997,0.51,0.33,0.16,1,0.39875,0.35,0.384907437,0.48829287,0.281522003,791.86,761.75,786.16,,Jan-97,1-Jan
12/31/1996,0.37,0.33,0.3,1,0.38625,0.07,0.384907437,0.48829287,0.281522003,756.79,746.92,756.79,,Dec-96,1-Dec
11/30/1996,0.52,0.27,0.21,1,0.3925,0.31,0.384907437,0.48829287,0.281522003,762.12,741.08,755,,Nov-96,1-Nov
10/31/1996,0.37,0.29,0.34,1,0.355,0.03,0.384907437,0.48829287,0.281522003,708.6,696.22,703.77,,Oct-96,1-Oct
9/30/1996,0.34,0.39,0.27,1,0.30375,0.07,0.384907437,0.48829287,0.281522003,690.88,681.01,686.19,,Sep-96,1-Sep
8/31/1996,0.28,0.43,0.29,1,0.3175,-0.01,0.384907437,0.48829287,0.281522003,670.68,650.52,651.99,,Aug-96,1-Aug
7/31/1996,0.3,0.32,0.38,1,0.38875,-0.08,0.384907437,0.48829287,0.281522003,638.73,616.43,635.9,,Jul-96,1-Jul
6/30/1996,0.42,0.41,0.17,1,0.46875,0.25,0.384907437,0.48829287,0.281522003,672.68,661.56,670.63,,Jun-96,1-Jun
5/31/1996,0.61,0.29,0.1,1,0.43375,0.51,0.384907437,0.48829287,0.281522003,679.98,664.56,669.12,,May-96,1-May
4/30/1996,0.28,0.4,0.32,1,0.395,-0.04,0.384907437,0.48829287,0.281522003,656.43,643.61,653.46,,Apr-96,1-Apr
3/31/1996,0.45,0.31,0.24,1,0.46625,0.21,0.384907437,0.48829287,0.281522003,652.97,645.5,645.5,,Mar-96,1-Mar
2/29/1996,0.45,0.28,0.27,1,,0.18,0.386013988,0.489177823,0.282850153,659.08,635,644.37,,Feb-96,1-Feb
1/31/1996,0.36,0.4,0.24,1,0.49125,0.12,0.386013988,0.489177823,0.282850153,621.62,610.65,621.62,,Jan-96,1-Jan
12/31/1995,0.46,0.34,0.2,1,0.48375,0.26,0.384907437,0.48829287,0.281522003,615.93,611.96,615.93,,Dec-95,1-Dec
11/30/1995,0.51,0.3,0.19,1,0.46875,0.32,0.384907437,0.48829287,0.281522003,608.69,599.02,606.98,,Nov-95,1-Nov
10/31/1995,0.46,0.33,0.21,1,0.43,0.25,0.384907437,0.48829287,0.281522003,587.46,572.53,579.7,,Oct-95,1-Oct
9/30/1995,0.42,0.27,0.31,1,0.4,0.11,0.384907437,0.48829287,0.281522003,587.61,574.68,584.41,,Sep-95,1-Sep
8/31/1995,0.38,0.42,0.2,1,0.39375,0.18,0.384907437,0.48829287,0.281522003,564.62,555.71,563.84,,Aug-95,1-Aug
7/31/1995,0.41,0.26,0.33,1,0.4075,0.08,0.384907437,0.48829287,0.281522003,565.4,553.62,562.93,,Jul-95,1-Jul
6/30/1995,0.35,0.28,0.37,1,0.415,-0.02,0.384907437,0.48829287,0.281522003,549.79,540.79,544.75,,Jun-95,1-Jun
5/31/1995,0.44,0.26,0.3,1,0.42875,0.14,0.384907437,0.48829287,0.281522003,531.91,519.19,523.65,,May-95,1-May
4/30/1995,0.52,0.29,0.19,1,0.44625,0.33,0.384907437,0.48829287,0.281522003,515.29,507.44,514.71,,Apr-95,1-Apr
3/31/1995,0.52,0.23,0.25,1,0.4525,0.27,0.384907437,0.48829287,0.281522003,508.15,495.7,500.71,,Mar-95,1-Mar
2/28/1995,0.46,0.37,0.17,1,0.395,0.29,0.384907437,0.48829287,0.281522003,489.19,481.97,488.11,,Feb-95,1-Feb
1/31/1995,0.38,0.37,0.25,1,0.375,0.13,0.384907437,0.48829287,0.281522003,471.36,464.4,470.39,,Jan-95,1-Jan
12/31/1994,0.4,0.43,0.17,1,0.38,0.23,0.384907437,0.48829287,0.281522003,462.73,459,459.27,,Dec-94,1-Dec
11/30/1994,0.44,0.3,0.26,1,0.395,0.18,0.384907437,0.48829287,0.281522003,457.13,447.97,453.3,,Nov-94,1-Nov
10/31/1994,0.43,0.38,0.19,1,0.39625,0.24,0.384907437,0.48829287,0.281522003,473.78,458.26,473.77,,Oct-94,1-Oct
9/30/1994,0.38,0.32,0.3,1,0.3825,0.08,0.384907437,0.48829287,0.281522003,464.84,459.01,462.69,,Sep-94,1-Sep
8/31/1994,0.32,0.39,0.29,1,0.29,0.03,0.384907437,0.48829287,0.281522003,474.65,461.46,473.8,,Aug-94,1-Aug
7/31/1994,0.27,0.42,0.31,1,0.29375,-0.04,0.384907437,0.48829287,0.281522003,459.33,451.36,458.26,,Jul-94,1-Jul
6/30/1994,0.32,0.37,0.31,1,0.31125,0.01,0.384907437,0.48829287,0.281522003,449.83,439.83,446.2,,Jun-94,1-Jun
5/31/1994,0.29,0.33,0.38,1,0.28875,-0.09,0.384907437,0.48829287,0.281522003,457.77,451.79,457.33,,May-94,1-May
4/30/1994,0.27,0.35,0.38,1,0.26875,-0.11,0.384907437,0.48829287,0.281522003,452.79,447.58,450.91,,Apr-94,1-Apr
3/31/1994,0.23,0.33,0.44,1,0.3325,-0.21,0.384907437,0.48829287,0.281522003,465.29,436.16,445.77,,Mar-94,1-Mar
2/28/1994,0.41,0.3,0.29,1,0.41875,0.12,0.384907437,0.48829287,0.281522003,472.41,464.26,466.07,,Feb-94,1-Feb
1/31/1994,0.41,0.25,0.34,1,0.39625,0.07,0.384907437,0.48829287,0.281522003,479.75,470.27,478.7,,Jan-94,1-Jan
12/31/1993,0.44,0.28,0.28,1,0.37125,0.16,0.384907437,0.48829287,0.281522003,471.29,466.45,466.45,,Dec-93,1-Dec
11/30/1993,0.45,0.3,0.25,1,0.36375,0.2,0.384907437,0.48829287,0.281522003,462.9,457.08,462.36,,Nov-93,1-Nov
10/31/1993,0.43,0.33,0.24,1,0.32625,0.19,0.384907437,0.48829287,0.281522003,468.76,462.05,467.83,,Oct-93,1-Oct
9/30/1993,0.28,0.4,0.32,1,0.29375,-0.04,0.384907437,0.48829287,0.281522003,459.91,449.64,457.63,,Sep-93,1-Sep
8/31/1993,0.27,0.35,0.38,1,0.24875,-0.11,0.384907437,0.48829287,0.281522003,461.04,454.29,460.54,,Aug-93,1-Aug
7/31/1993,0.25,0.45,0.3,1,0.22875,-0.05,0.384907437,0.48829287,0.281522003,450.77,444.51,448.13,,Jul-93,1-Jul
6/30/1993,0.28,0.38,0.34,1,0.24,-0.06,0.384907437,0.48829287,0.281522003,448.64,443.19,447.6,,Jun-93,1-Jun
5/31/1993,0.24,0.37,0.39,1,0.24875,-0.15,0.384907437,0.48829287,0.281522003,454.55,444.89,450.19,,May-93,1-May
4/30/1993,0.22,0.37,0.41,1,0.34875,-0.19,0.384907437,0.48829287,0.281522003,442.29,432.3,440.19,,Apr-93,1-Apr
3/31/1993,0.43,0.34,0.23,1,0.40875,0.2,0.384907437,0.48829287,0.281522003,452.09,446.08,447.78,,Mar-93,1-Mar
2/28/1993,0.34,0.32,0.34,1,0.4075,0,0.384907437,0.48829287,0.281522003,443.77,432.41,443.38,,Feb-93,1-Feb
1/31/1993,0.4,0.37,0.23,1,0.47,0.17,0.384907437,0.48829287,0.281522003,442.66,436.11,438.78,,Jan-93,1-Jan
12/31/1992,0.55,0.3,0.15,1,0.46875,0.4,0.384907437,0.48829287,0.281522003,441.64,438.25,439.77,,Dec-92,1-Dec
11/30/1992,0.43,0.37,0.2,1,0.3425,0.23,0.384907437,0.48829287,0.281522003,429.41,422.5,429.19,,Nov-92,1-Nov
10/31/1992,0.35,0.35,0.3,1,0.24375,0.05,0.384907437,0.48829287,0.281522003,421.16,413.7,418.68,,Oct-92,1-Oct
9/30/1992,0.25,0.34,0.41,1,0.235,-0.16,0.384907437,0.48829287,0.281522003,422.93,412.71,414.35,,Sep-92,1-Sep
8/31/1992,0.3,0.37,0.33,1,0.265,-0.03,0.384907437,0.48829287,0.281522003,414.95,408.3,414.84,,Aug-92,1-Aug
7/31/1992,0.22,0.47,0.31,1,0.29,-0.09,0.384907437,0.48829287,0.281522003,424.8,411.27,424.21,,Jul-92,1-Jul
6/30/1992,0.39,0.34,0.27,1,0.3975,0.12,0.384907437,0.48829287,0.281522003,404.04,403.12,403.45,,Jun-92,1-Jun
5/31/1992,0.41,0.43,0.16,1,0.41625,0.25,0.384907437,0.48829287,0.281522003,416.74,411.41,415.35,,May-92,1-May
4/30/1992,0.52,0.34,0.14,1,0.42625,0.38,0.384907437,0.48829287,0.281522003,411.6,409.81,409.02,,Apr-92,1-Apr
3/31/1992,0.43,0.35,0.22,1,0.4325,0.21,0.384907437,0.48829287,0.281522003,409.91,403.5,403.5,,Mar-92,1-Mar
2/29/1992,0.43,0.36,0.21,1,0.455,0.22,0.384907437,0.48829287,0.281522003,416.07,408.02,412.7,,Feb-92,1-Feb
1/31/1992,0.47,0.26,0.27,1,0.43625,0.2,0.384907437,0.48829287,0.281522003,410.34,414.99,408.79,,Jan-92,1-Jan
12/31/1991,0.39,0.29,0.32,1,0.3525,0.07,0.384907437,0.48829287,0.281522003,406.58,386.96,406.46,,Dec-91,1-Dec
11/30/1991,0.33,0.27,0.4,1,0.37875,-0.07,0.384907437,0.48829287,0.281522003,378.11,375.22,376.55,,Nov-91,1-Nov
10/31/1991,0.31,0.36,0.33,1,0.34625,-0.02,0.384907437,0.48829287,0.281522003,392.5,382.97,384.2,,Oct-91,1-Oct
9/30/1991,0.31,0.38,0.31,1,0.3475,0,0.384907437,0.48829287,0.281522003,389.09,384.46,385.9,,Sep-91,1-Sep
8/31/1991,0.41,0.4,0.19,1,0.34,0.22,0.384907437,0.48829287,0.281522003,396.82,391.77,395.43,,Aug-91,1-Aug
7/31/1991,0.35,0.42,0.23,1,0.37,0.12,0.384907437,0.48829287,0.281522003,384.86,378.15,380.93,,Jul-91,1-Jul
6/30/1991,0.28,0.37,0.35,1,0.40625,-0.07,0.384907437,0.48829287,0.281522003,374.4,370.65,371.16,,Jun-91,1-Jun
5/31/1991,0.42,0.35,0.23,1,0.42,0.19,0.384907437,0.48829287,0.281522003,389.83,381.94,389.83,,May-91,1-May
4/30/1991,0.55,0.28,0.17,1,0.48625,0.38,0.384907437,0.48829287,0.281522003,382.76,379.02,379.02,,Apr-91,1-Apr
3/31/1991,0.47,0.28,0.25,1,0.47875,0.22,0.384907437,0.48829287,0.281522003,376.3,369.83,375.22,,Mar-91,1-Mar
2/28/1991,0.57,0.2,0.23,1,0.335,0.34,0.384907437,0.48829287,0.281522003,369.39,365.14,365.65,,Feb-91,1-Feb
1/31/1991,0.25,0.25,0.5,1,0.25375,-0.25,0.384907437,0.48829287,0.281522003,336.07,328.31,336.07,,Jan-91,1-Jan
12/31/1990,0.3,0.3,0.4,1,0.21625,-0.1,0.384907437,0.48829287,0.281522003,330.85,328.29,328.72,,Dec-90,1-Dec
11/30/1990,0.22,0.33,0.45,1,0.18375,-0.23,0.384907437,0.48829287,0.281522003,322.22,316.42,322.22,,Nov-90,1-Nov
10/31/1990,0.23,0.19,0.58,1,0.2,-0.35,0.384907437,0.48829287,0.281522003,314.76,304.71,304.71,,Oct-90,1-Oct
9/30/1990,0.26,0.2,0.54,1,0.22375,-0.28,0.384907437,0.48829287,0.281522003,308.26,300.97,306.05,,Sep-90,1-Sep
8/31/1990,0.23,0.16,0.61,1,0.31125,-0.38,0.384907437,0.48829287,0.281522003,324.19,318.71,322.56,,Aug-90,1-Aug
7/31/1990,0.52,0.24,0.24,1,0.37875,0.28,0.384907437,0.48829287,0.281522003,357.09,353.44,353.44,,Jul-90,1-Jul
6/30/1990,0.31,0.31,0.38,1,0.355,-0.07,0.384907437,0.48829287,0.281522003,358.02,352.06,358.02,,Jun-90,1-Jun
5/31/1990,0.39,0.32,0.29,1,0.31375,0.1,0.384907437,0.48829287,0.281522003,359.29,354.58,354.58,,May-90,1-May
4/30/1990,0.28,0.35,0.37,1,0.30625,-0.09,0.384907437,0.48829287,0.281522003,332.92,329.11,329.11,,Apr-90,1-Apr
3/31/1990,0.34,0.35,0.31,1,0.25625,0.03,0.384907437,0.48829287,0.281522003,342,337.63,339.94,,Mar-90,1-Mar
2/28/1990,0.24,0.38,0.38,1,0.27625,-0.14,0.384907437,0.48829287,0.281522003,327.99,324.15,324.15,,Feb-90,1-Feb
1/31/1990,0.24,0.38,0.38,1,0.355,-0.14,0.384907437,0.48829287,0.281522003,331.61,325.8,325.8,,Jan-90,1-Jan
12/31/1989,0.35,0.31,0.34,1,0.3125,0.01,0.384907437,0.48829287,0.281522003,353.4,346.81,353.4,,Dec-89,1-Dec
11/30/1989,0.27,0.4,0.33,1,0.3025,-0.06,0.384907437,0.48829287,0.281522003,343.97,339.35,343.97,,Nov-89,1-Nov
10/31/1989,0.36,0.33,0.31,1,0.30625,0.05,0.384907437,0.48829287,0.281522003,344.83,335.06,335.06,,Oct-89,1-Oct
9/30/1989,0.33,0.38,0.29,1,0.35625,0.04,0.384907437,0.48829287,0.281522003,349.15,344.23,349.15,,Sep-89,1-Sep
8/31/1989,0.45,0.24,0.31,1,0.375,0.14,0.384907437,0.48829287,0.281522003,351.52,340.67,350.52,,Aug-89,1-Aug
7/31/1989,0.41,0.25,0.34,1,0.35,0.07,0.384907437,0.48829287,0.281522003,342.15,333.67,342.15,,Jul-89,1-Jul
6/30/1989,0.4,0.34,0.26,1,0.39875,0.14,0.384907437,0.48829287,0.281522003,328.44,317.98,317.98,,Jun-89,1-Jun
5/31/1989,0.48,0.31,0.21,1,0.32375,0.27,0.384907437,0.48829287,0.281522003,321.98,318.32,321.59,,May-89,1-May
4/30/1989,0.31,0.4,0.29,1,0.235,0.02,0.384907437,0.48829287,0.281522003,309.64,306.75,309.64,,Apr-89,1-Apr
3/31/1989,0.18,0.42,0.4,1,0.28875,-0.22,0.384907437,0.48829287,0.281522003,294.87,290.57,294.87,,Mar-89,1-Mar
2/28/1989,0.29,0.45,0.26,1,0.34625,0.03,0.384907437,0.48829287,0.281522003,295.98,287.13,287.13,,Feb-89,1-Feb
1/31/1989,0.32,0.49,0.19,1,0.27125,0.13,0.384907437,0.48829287,0.281522003,293.82,284.5,293.82,,Jan-89,1-Jan
12/31/1988,0.24,0.54,0.22,1,0.22,0.02,0.384907437,0.48829287,0.281522003,279.4,276.83,277.72,,Dec-88,1-Dec
11/30/1988,0.17,0.44,0.39,1,0.2575,-0.22,0.384907437,0.48829287,0.281522003,269,266.22,267.23,,Nov-88,1-Nov
10/31/1988,0.4,0.38,0.22,1,0.235,0.18,0.384907437,0.48829287,0.281522003,282.38,277.28,278.53,,Oct-88,1-Oct
9/30/1988,0.26,0.44,0.3,1,0.2225,-0.04,0.384907437,0.48829287,0.281522003,272.59,268.26,271.91,,Sep-88,1-Sep
8/31/1988,0.28,0.4,0.32,1,0.2425,-0.04,0.384907437,0.48829287,0.281522003,261.13,256.98,259.68,,Aug-88,1-Aug
7/31/1988,0.23,0.54,0.23,1,0.29375,0,0.384907437,0.48829287,0.281522003,272.02,262.5,272.02,,Jul-88,1-Jul
6/30/1988,0.33,0.44,0.23,1,0.28,0.1,0.384907437,0.48829287,0.281522003,275.66,268.94,273.78,,Jun-88,1-Jun
5/31/1988,0.28,0.52,0.2,1,0.26125,0.08,0.384907437,0.48829287,0.281522003,254.63,250.83,253.42,,May-88,1-May
4/30/1988,0.22,0.48,0.3,1,0.33125,-0.08,0.384907437,0.48829287,0.281522003,263.93,261.33,261.33,,Apr-88,1-Apr
3/31/1988,0.45,0.38,0.17,1,0.36,0.28,0.384907437,0.48829287,0.281522003,268.91,258.51,258.51,,Mar-88,1-Mar
2/29/1988,0.3,0.51,0.19,1,0.295,0.11,0.384907437,0.48829287,0.281522003,265.64,261.58,262.46,,Feb-88,1-Feb
1/31/1988,0.26,0.45,0.29,1,0.28,-0.03,0.384907437,0.48829287,0.281522003,257.07,249.38,257.07,,Jan-88,1-Jan
12/31/1987,0.25,0.49,0.26,1,0.28875,-0.01,0.384907437,0.48829287,0.281522003,247.86,244.59,247.08,,Dec-87,1-Dec
11/30/1987,0.27,0.46,0.27,1,0.3875,0,0.384907437,0.48829287,0.281522003,246.39,240.34,240.34,,Nov-87,1-Nov
10/31/1987,0.44,0.23,0.33,1,0.46625,0.11,0.384907437,0.48829287,0.281522003,251.79,227.67,251.79,,Oct-87,1-Oct
9/30/1987,0.53,0.17,0.3,1,0.53,0.23,0.384907437,0.48829287,0.281522003,321.19,310.54,320.16,,Sep-87,1-Sep
8/31/1987,0.52,0.18,0.3,1,,0.22,0.386013988,0.489177823,0.282850153,331.38,323.04,323.04,,Aug-87,1-Aug
7/31/1987,0.26,0.48,0.26,1,,0,0.386013988,0.489177823,0.282850153,318.66,310.65,318.66,,Jul-87,1-Jul
6/30/1987,,,,,,,0.386013988,0.489177823,0.282850153,,,,,Jun-87,1-Jun
